ADM2_EN,% Symptomatic,Mean Level,Test Sensitivity
Lahore,92.28600946723314,44.80192054030668,13.582817847199049
Sargodha,34.90516014603677,2.0407462566317434,23.76615918603908
Faisalabad,37.93456054204608,19.117314915319746,13.171223779603068
